Claim_id,Report_Section,Claim,Artefact_path,Exact_locator,Collection_time_utc,SHA256,Proves,Does_not_prove,Confidence,Alternative,Deposition,
EV-01,Contradictions CX-01,Terminated accounts were left enabled 6-19 days for 4 of 25 sampled,data/assurance-and-contract.json,assurance_report.exceptions[id=EX-CC6.2],28/02/2025,PENDING-HASH,IAM-04's 24-hour claim did not hold for a meaningful minority of a tested sample in 2024,Does not prove current 2026 practice; sample predates this case by 12+ months,High,Alternative: the exception was remediated in 2025 and current practice is compliant - weakened by the lack of any 2025/2026 evidence supplied for IAM-04 (evidence_supplied=false),EV-01,
EV-02,Contradictions CX-02,"SP-02 (AssistWorks, Philippines) and SP-03 (ArchiveLane, eu-west-1) process/store data outside us-east-1",data/vendor-telemetry.json,subprocessors[id=SP-02].region; subprocessors[id=SP-03].region,2026-07-13T09:00:00Z,PENDING-HASH,LOC-02's 'exclusive us-east-1' claim is false as of the export date,Does not prove intent to misrepresent; could be a stale SIG answer not updated after subprocessors changed,High,"Alternative: SIG answer is scoped only to primary data store, not support/backup copies - weakened because the SIG question (LOC-02) says 'exclusively' with no such carve-out",EV-02,
EV-03,Contradictions CX-03,files.peopleflow.invalid observed at TLSv1.0,data/vendor-telemetry.json,tls.observations[endpoint=files.peopleflow.invalid]@2026-07-13T08:42:00Z,2026-07-13T08:42:00Z,PENDING-HASH,At least one customer-facing endpoint falls below the vendor's own claimed TLS 1.2 minimum,Does not prove all endpoints are non-compliant; api endpoint observed at TLSv1.3 in the same export,High,"Alternative: transient scan artifact / misconfigured scanner - weakened by a second, correctly-configured endpoint being observed cleanly in the same export at nearly the same timestamp",EV-03,
EV-04,Contradictions CX-04,"DEL-710 reports success at 12:00:00Z, 14 minutes before its own completed_at of 12:14:00Z",data/vendor-telemetry.json,deletion_jobs[job_id=DEL-710],2026-07-13T09:00:00Z,PENDING-HASH,The vendor's deletion telemetry contains an internally inconsistent record,Does not prove data was not actually deleted; only that the reporting sequence cannot be trusted as stated,Medium,Alternative: clock-skew between reporting and completion subsystems rather than a real ordering defect - not weakened or strengthened by available evidence; flagged as open,EV-04,
EV-05,Contradictions CX-05,Incident notice clock basis is vendor_confirmation,data/assurance-and-contract.json,contract.incident_notice.basis,30/06/2026,PENDING-HASH,The contract text unambiguously anchors the 72h clock to the vendor's own confirmation,Does not prove PeopleFlow has ever delayed a confirmation in practice - no incident history evidence exists in the pack,High,"Alternative: reasonable in isolation; industry-common clause language - weakened when paired with the deletion telemetry integrity issue (EV-04), which shows the vendor's self-reporting is not always reliable",EV-05,
EV-06,Contradictions CX-06,"HelpSphere is self-assessment only; attachments masked 'where practical' with no supplied config, sample, or access log; sessions not recorded",data/assurance-and-contract.json,subprocessors[id=HELP-SPHERE],30/06/2026,PENDING-HASH,No independent verification exists for the subprocessor with the broadest access to raw attachments,Does not prove attachments are currently unmasked - only that no evidence of masking was supplied,Medium,"Alternative: masking may be effectively enforced but simply undocumented - weakened by the DPA's own audit-assistance clause treating further evidence as billable, i.e. structurally hard to obtain",EV-06,
EV-07,Access-log integrity,PA-003.previous_hash ('WRONG') does not match PA-002.hash ('98abc'),data/vendor-telemetry.json,privileged_access[event_id=PA-003],2026-07-03T10:00:00Z,PENDING-HASH,The privileged-access hash chain is broken at PA-003,Does not prove a malicious or unauthorized event occurred - only that integrity cannot currently be verified from this point forward,High,Alternative: export/serialization bug rather than a tampered chain - not resolvable from the export alone; requires vendor investigation (condition C6),EV-07,
EV-08,Access-log integrity,"PA-002 appears twice, byte-identical, in privileged_access[]",data/vendor-telemetry.json,privileged_access[*].event_id=PA-002,2026-07-02T10:00:00Z,PENDING-HASH,The export contains a duplicate event record,Does not prove double-processing occurred in the source system - could be an export/serialization duplicate,High,"Alternative: legitimate retry that should carry two distinct event_ids - weakened by both records being byte-identical including timestamp and hash, which retries would not produce",EV-08,
EV-09,Graph/subprocessor disclosure,SP-01 (QueueNorth) and SP-03 (ArchiveLane) appear in telemetry but not in the contractual subprocessor list,data/vendor-telemetry.json;data/assurance-and-contract.json,subprocessors[id=SP-01]; subprocessors[id=SP-03] vs assurance-and-contract.json subprocessors[*],2026-07-13T09:00:00Z / 2026-06-30,PENDING-HASH,Two live subprocessors are undisclosed in the contract-facing list,Does not prove no notice was ever given out-of-band; only that the supplied pack contains no record of it,High,Alternative: notice was given via a separate channel not included in this pack - weakened by the DPA requiring 10 days' written notice of subprocessor changes with no such record supplied,EV-09,
